{"cameraMode":{"drawMode":0,"name":"Shaded","section":"Shading Mode"},"sceneLighting":true,"audioPlay":false,"sceneViewState":{"m_AlwaysRefresh":true,"showFog":true,"showSkybox":true,"showFlares":true,"showImageEffects":true,"showParticleSystems":true,"showVisualEffectGraphs":true,"m_FxEnabled":true},"in2DMode":false,"pivot":{"x":-0.800429105758667,"y":1.1206711530685425,"z":-21.19070053100586},"rotation":{"x":0.000015019388229120523,"y":0.9999578595161438,"z":-0.007809600792825222,"w":0.0018012956716120244},"size":9.939372062683106,"orthographic":false}